{"cameraMode":{"drawMode":0,"name":"Shaded","section":"Shading Mode"},"sceneLighting":true,"audioPlay":false,"sceneViewState":{"m_AlwaysRefresh":false,"showFog":true,"showSkybox":true,"showFlares":true,"showImageEffects":true,"showParticleSystems":true,"showVisualEffectGraphs":true,"m_FxEnabled":true},"in2DMode":false,"pivot":{"x":32.940345764160159,"y":-5.259955406188965,"z":38.79864501953125},"rotation":{"x":-0.36152419447898867,"y":-0.06370377540588379,"z":0.024767683818936349,"w":-0.9298585653305054},"size":53.99541473388672,"orthographic":false}