{"cameraMode":{"drawMode":0,"name":"Shaded","section":"Shading Mode"},"sceneLighting":false,"audioPlay":false,"sceneViewState":{"m_AlwaysRefresh":false,"showFog":true,"showSkybox":false,"showFlares":true,"showImageEffects":true,"showParticleSystems":true,"showVisualEffectGraphs":true,"m_FxEnabled":true},"in2DMode":false,"pivot":{"x":-0.4147831201553345,"y":0.49632149934768679,"z":-3.001829147338867},"rotation":{"x":-0.004214979242533445,"y":0.9951161742210388,"z":-0.08560073375701904,"w":-0.04899832606315613},"size":2.343156576156616,"orthographic":false}