{"cameraMode":{"drawMode":0,"name":"Shaded","section":"Shading Mode"},"sceneLighting":false,"audioPlay":false,"sceneViewState":{"m_AlwaysRefresh":false,"showFog":true,"showSkybox":false,"showFlares":true,"showImageEffects":true,"showParticleSystems":true,"showVisualEffectGraphs":true,"m_FxEnabled":true},"in2DMode":false,"pivot":{"x":2.384185791015625e-7,"y":0.8962136507034302,"z":-0.0000020265579223632814},"rotation":{"x":-0.25858768820762637,"y":0.5307241082191467,"z":-0.17410805821418763,"w":-0.7882171273231506},"size":1.3276581764221192,"orthographic":false}