{"cameraMode":{"drawMode":0,"name":"Shaded","section":"Shading Mode"},"sceneLighting":false,"audioPlay":false,"sceneViewState":{"m_AlwaysRefresh":false,"showFog":true,"showSkybox":false,"showFlares":true,"showImageEffects":true,"showParticleSystems":true,"showVisualEffectGraphs":true,"m_FxEnabled":true},"in2DMode":false,"pivot":{"x":-0.9779205322265625,"y":1.0685666799545289,"z":-0.17181015014648438},"rotation":{"x":-0.16408734023571015,"y":0.44264501333236697,"z":-0.08273771405220032,"w":-0.8777024149894714},"size":0.8907438516616821,"orthographic":false}